account_id,first_name,last_name,email,phone
ACC73158454,Rebecca,Anderson,rebeccaanderson@notreal.example,555-579-8911
ACC79091226,Ashley,Lopez,suspicious.user@fakemail.test,555-123-4567
ACC00987239,Christopher,White,suspicious.user@fakemail.test,555-123-4567
ACC28201093,Jacob,Wilson,jwilson@testbox.invalid,555-349-6903
ACC40314588,Brenda,Thomas,brenda38@sample.example,555-796-4270
ACC07181103,James,Allen,jallen@notreal.example,555-348-1656
ACC92340914,Mary,Martinez,mary.martinez@notreal.example,555-451-4341
ACC73145479,Patricia,Moore,patricia.moore@mockmail.test,555-669-5415
ACC83076728,Andrew,Green,agreen@notreal.example,555-764-1149
ACC61926028,Barbara,Lopez,barbara.lopez@notreal.example,555-661-4112
ACC79160174,Emily,Carter,emilycarter@fakemail.test,555-526-8672
ACC44961799,Richard,Jones,richard.jones@mockmail.test,555-388-2024
ACC18080288,Laura,Evans,lauraevans@notreal.example,555-974-7109
ACC78579113,David,Nguyen,dnguyen@mockmail.test,555-987-6543
ACC84405802,Kimberly,Evans,kimberly52@notreal.example,555-417-8902
ACC12333864,Steven,Martinez,steven18@fakemail.test,555-580-4023
ACC30697059,Laura,Roberts,lauraroberts@mockmail.test,555-258-9472
ACC54886585,Eric,Brown,eric27@notreal.example,555-243-4201
ACC65104453,Margaret,Torres,margarettorres@testbox.invalid,555-871-3306
ACC20869673,Anthony,Walker,awalker@mockmail.test,555-886-6116
ACC35227426,Jonathan,Harris,jharris@fakemail.test,555-360-2182
ACC74200644,Angela,Ramirez,suspicious.user@fakemail.test,555-123-4567
ACC85544005,Brian,Gomez,briangomez@mockmail.test,555-981-4755
ACC56609514,William,Garcia,williamgarcia@mockmail.test,555-238-1844
ACC24086683,Margaret,King,suspicious.user@fakemail.test,555-123-4567
ACC63845481,Kenneth,Miller,suspicious.user@fakemail.test,555-123-4567
ACC44830569,Melissa,Moore,melissamoore@mockmail.test,555-784-6433
ACC95123915,Melissa,Lopez,melissa.lopez@fakemail.test,555-318-7445
ACC07786926,Emily,Mitchell,emily.mitchell@sample.example,555-814-8282
ACC43105949,George,Gomez,georgegomez@mockmail.test,555-716-3692
ACC00364855,Matthew,Johnson,matthewjohnson@testbox.invalid,555-858-7238
ACC25715447,Nicholas,Miller,nmiller@mockmail.test,555-987-6543
ACC64295272,Karen,Taylor,karen.taylor@sample.example,555-376-5854
ACC37608777,Elizabeth,Scott,elizabeth2@notreal.example,555-987-6543
ACC36396598,Elizabeth,Rodriguez,elizabeth80@testbox.invalid,555-238-9784
ACC43680420,Edward,Davis,edward83@mockmail.test,555-965-5665
ACC81507504,Rebecca,Hall,rhall@notreal.example,555-817-4084
ACC32657080,Mary,Scott,mary.scott@testbox.invalid,555-350-6082
ACC12177107,James,Robinson,jamesrobinson@notreal.example,555-591-6635
ACC89684263,Robert,Evans,robert.evans@testbox.invalid,555-241-6940
ACC58808815,Anthony,Smith,suspicious.user@fakemail.test,555-286-7448
ACC45401476,Daniel,Sanchez,danielsanchez@notreal.example,555-694-5679
ACC05895654,Anthony,Young,anthonyyoung@fakemail.test,555-391-4515
ACC65736501,Jeffrey,Evans,jeffrey.evans@fakemail.test,555-610-4431
ACC62300371,Amanda,Smith,suspicious.user@fakemail.test,555-123-4567
ACC69924648,Ashley,Scott,ascott@sample.example,555-517-3029
ACC27818452,John,Mitchell,john43@mockmail.test,555-244-2160
ACC62965148,Kimberly,Nguyen,kimberly44@mockmail.test,555-974-4893
ACC76107226,Michelle,Lee,suspicious.user@fakemail.test,555-123-4567
ACC71520854,Jeffrey,Rodriguez,jrodriguez@testbox.invalid,555-686-3921
ACC43041874,Kimberly,Harris,kimberly.harris@fakemail.test,555-776-3318
ACC94302677,Dorothy,Nguyen,suspicious.user@fakemail.test,555-123-4567
ACC74242194,Kimberly,Sanchez,suspicious.user@fakemail.test,555-609-9079
ACC86237003,Emily,Carter,emily74@fakemail.test,555-318-7083
ACC21285485,Donna,Allen,donna.allen@fakemail.test,555-526-9456
ACC29145511,Angela,Harris,aharris@testbox.invalid,555-200-2961
ACC55607818,Charles,Mitchell,charles.mitchell@testbox.invalid,555-353-6961
ACC35183464,Donna,Flores,suspicious.user@fakemail.test,555-123-4567
ACC47088834,Laura,Rodriguez,laurarodriguez@mockmail.test,555-436-6426
ACC13671561,George,Walker,suspicious.user@fakemail.test,555-123-4567
ACC87637892,Thomas,Lopez,suspicious.user@fakemail.test,555-828-2968
ACC73650607,Mary,Gomez,mary12@notreal.example,555-984-3505
ACC05651998,Shirley,Evans,shirleyevans@notreal.example,555-452-7945
ACC74761375,Thomas,Roberts,troberts@mockmail.test,555-385-5015
ACC03532304,Laura,Campbell,laura.campbell@mockmail.test,555-404-7217
ACC41605833,John,Wright,suspicious.user@fakemail.test,555-123-4567
ACC26259547,Shirley,Flores,shirley31@notreal.example,555-993-7330
ACC44169141,Betty,Thomas,suspicious.user@fakemail.test,555-123-4567
ACC21867676,Paul,Wright,suspicious.user@fakemail.test,555-123-4567
ACC63220974,Laura,King,laura.king@sample.example,555-883-3154
ACC86329999,Anna,Martinez,anna87@fakemail.test,555-852-4929
ACC11873519,Ryan,Young,ryan.young@fakemail.test,555-442-7400
ACC71013769,Sharon,Allen,sharonallen@mockmail.test,555-727-2784
ACC49487672,Jessica,Harris,jessicaharris@notreal.example,555-634-6490
ACC88587294,Gary,Wright,garywright@notreal.example,555-733-8593
ACC06041623,Barbara,Moore,barbaramoore@mockmail.test,555-247-3028
ACC93419389,Cynthia,Flores,cynthia76@sample.example,555-536-9934
ACC83882225,Amy,Garcia,agarcia@sample.example,555-343-7389
ACC36386119,Michelle,Allen,michelle37@sample.example,555-972-3873
ACC11415790,Eric,Wilson,ewilson@sample.example,555-460-2624
ACC96031854,Stephen,Adams,sadams@testbox.invalid,555-850-5876
ACC69151674,Kevin,Rodriguez,krodriguez@notreal.example,555-611-3942
ACC48232903,Brian,Gomez,brian.gomez@notreal.example,555-745-3180
ACC95657404,Gary,Rivera,gary.rivera@notreal.example,555-548-3758
ACC31546378,Anthony,Rodriguez,anthonyrodriguez@fakemail.test,555-729-9437
ACC15238744,Rebecca,Torres,rebecca.torres@mockmail.test,555-760-6043
ACC85415233,Amanda,Hernandez,amanda.hernandez@fakemail.test,555-987-6543
ACC60701318,Jonathan,Turner,suspicious.user@fakemail.test,555-410-5538
ACC27456561,Anthony,Parker,anthony5@fakemail.test,555-571-5198
ACC58899034,Dorothy,Mitchell,dorothy.mitchell@notreal.example,555-244-8028
ACC27765508,Andrew,Hernandez,ahernandez@sample.example,555-913-7692
ACC82306746,Joseph,Gonzalez,joseph.gonzalez@notreal.example,555-658-1202
ACC47302924,Nancy,Smith,nancy61@sample.example,555-201-2327
ACC31441318,Stephanie,Martinez,stephanie84@mockmail.test,555-757-5246
ACC09913988,Stephanie,Phillips,suspicious.user@fakemail.test,555-759-9321
ACC57528802,Stephen,Hill,suspicious.user@fakemail.test,555-123-4567
ACC51126387,David,White,david.white@mockmail.test,555-570-7578
ACC33433885,Kevin,Taylor,kevin.taylor@mockmail.test,555-987-6543
ACC38437532,Ryan,Harris,suspicious.user@fakemail.test,555-123-4567
ACC18290360,Elizabeth,Campbell,ecampbell@fakemail.test,555-353-3627
